customer_id,total_spending
68,503.93260000000004
18,431.86
56,698.2833
2,788.5065
61,408.08
93,1108.1205
77,960.6543000000001
47,723.0032000000001
72,578.7937000000001
64,439.44780000000003
27,464.80590000000007
3,423.2033
9,537.8207
29,582.7401
63,411.4927
40,587.4327000000001
7,725.7495000000001
65,428.33
45,540.2347
86,511.41020000000003
22,868.0979
4,769.3404
88,479.18870000000004
52,633.0953000000001
67,447.31
79,1025.332
48,475.04
11,421.94
