customer_id,avg_total_sum
2,788.5065
3,423.2033
4,769.3404
7,725.7495000000001
9,537.8207
11,421.94
13,297.76
14,182.63
15,215.15
16,121.79
17,194.54
18,431.86
19,358.45
21,257.2511
22,868.0979
24,218.51
25,128.46
27,464.80590000000007
29,582.7401
30,279.72
